Motor1,Motor2
5.000000,5.000000
10.000000,10.000000
15.000000,15.000000
20.000000,20.000000
25.000000,25.000000
30.000000,30.000000
35.000000,34.364000
39.806000,37.975360
44.319740,40.954326
48.535135,43.391576
52.440473,45.366546
56.028878,46.947970
59.296848,48.195307
62.244095,49.159928
64.873249,49.886161
67.189565,50.412205
69.200637,50.770928
70.916120,50.990563
72.347452,51.095320
73.507592,51.105916
74.410761,51.040042
75.072202,50.912766
75.507951,50.736887
75.734614,50.523246
75.769173,50.280988
75.628795,50.017803
75.330660,49.740123
74.891808,49.453303
74.328995,49.161771
73.658570,48.869163
72.896362,48.578439
72.057590,48.291981
71.156775,48.011681
70.207679,47.739017
69.223244,47.475114
68.215553,47.220802
67.195802,46.976665
66.174273,46.743080
65.160333,46.520253
64.162425,46.308252
63.188079,46.107026
62.243932,45.916437
61.335740,45.736270
60.468414,45.566252
59.646050,45.406068
58.871966,45.255368
58.148742,45.113780
57.478268,44.980917
56.861783,44.856381
56.299930,44.739772
55.792800,44.630690
55.339982,44.528742
54.940615,44.433539
54.593434,44.344704
54.296818,44.261871
54.048839,44.184685
53.847305,44.112808
53.689808,44.045912
53.573758,43.983687
53.496431,43.925837
53.455000,43.872080
53.446573,43.822149
53.468222,43.775791
53.517017,43.732768
53.590047,43.692856
53.684450,43.655841
53.797431,43.621527
53.926282,43.589725
54.068398,43.560260
54.221292,43.532969
54.382606,43.507698
54.550120,43.484303
54.721762,43.462650
54.895609,43.442614
55.069895,43.424079
55.243009,43.406934
55.413500,43.391080
55.580068,43.376421
55.741571,43.362870
55.897015,43.350345
56.045550,43.338771
56.186467,43.328076
56.319189,43.318195
56.443267,43.309068
56.558368,43.300637
56.664274,43.292852
56.760866,43.285663
56.848121,43.279025
56.926103,43.272897
56.994953,43.267241
57.054882,43.262019
57.106162,43.257200
57.149116,43.252753
57.184117,43.248649
57.211572,43.244862
57.231920,43.241368
57.245625,43.238144
57.253167,43.235171
57.255040,43.232427
57.251742,43.229897
33.625871,43.227563
35.997160,43.225410
38.601219,43.223425
41.102583,43.221594
43.520055,43.219906
45.835968,43.218349
48.039086,43.216914
50.119781,43.215590
52.070450,43.214370
53.885351,43.213245
55.560485,43.212207
57.093478,43.211251
58.483451,43.210369
59.730893,43.209556
60.837536,43.208807
61.806219,43.208117
62.640768,43.207480
63.345867,43.206893
63.926943,43.206352
64.390044,43.205854
64.741732,43.205395
64.988975,43.204971
65.139049,43.204581
65.199441,43.204221
65.177768,43.203890
65.081692,43.203584
64.918846,43.203303
64.696774,43.203043
64.422863,43.202804
64.104299,43.202584
63.748014,43.202381
63.360649,43.202194
62.948522,43.202021
62.517599,43.201862
62.073471,43.201716
61.621343,43.201581
61.166013,43.201457
60.711877,43.201342
60.262916,43.201237
59.822705,43.201139
59.394412,43.201050
58.980813,43.200967
58.584297,43.200891
58.206880,43.200821
57.850227,43.200756
57.515660,43.200697
57.204185,43.200642
56.916506,43.200592
56.653051,43.200545
56.413988,43.200502
56.199252,48.200502
56.008565,53.200502
55.841456,58.200502
55.697285,63.200502
55.575265,68.200502
55.474479,73.200502
55.393904,78.200502
55.332426,82.878425
55.288861,86.716083
55.261974,89.869062
55.250487,92.434989
55.253104,94.500733
55.268518,96.141330
55.295426,97.421651
55.332540,98.397706
55.378596,99.117786
55.432366,99.623471
55.492664,99.950503
55.558353,100.129557
55.628350,100.186904
55.701634,100.144997
55.777244,100.022985
55.854288,99.837150
55.931941,99.601302
56.009449,99.327111
56.086126,99.024405
56.161357,98.701421
56.234596,98.365034
56.305364,98.020944
56.373249,97.673848
56.437901,97.327583
56.499032,96.985253
56.556412,96.649340
56.609865,96.321796
56.659267,96.004124
56.704541,95.697451
56.745655,95.402589
56.782617,95.120082
56.815472,94.850259
56.844297,94.593263
56.869200,94.349092
56.890313,94.117624
56.907790,93.898637
56.921805,93.691838
56.932547,93.496871
56.940217,93.313337
56.945025,93.140804
56.947187,92.978820
56.946927,92.826917
56.944465,92.684622
